COUNTY,SITE,BEGDATE,DIR,HR1,HR2,HR3,HR4,HR5,HR6,HR7,HR8,HR9,HR10,HR11,HR12,HR13,HR14,HR15,HR16,HR17,HR18,HR19,HR20,HR21,HR22,HR23,HR24,TOTVOL,PEAKHR,PEAKVOL,TYPE,TRUCKS
93,0010,4/6/2020,N,20,5,13,9,18,39,107,330,437,438,442,475,574,603,606,592,638,592,377,279,218,131,75,55,7073,17,638,,
93,0010,4/6/2020,S,22,10,4,11,13,37,158,342,488,469,471,561,574,579,572,552,570,524,394,286,200,93,64,46,7040,14,579,,
87,0031,4/6/2020,E,57,29,29,40,92,353,986,1214,1142,927,785,822,775,822,843,761,789,778,635,540,369,307,241,120,13456,08,1214,,
87,0031,4/6/2020,W,75,46,30,28,49,127,307,586,639,655,767,808,884,1036,1188,1364,1395,1049,811,642,434,389,269,213,13791,17,1395,,
29,0037,4/6/2020,E,8,5,4,15,26,72,108,226,177,171,148,149,172,165,172,190,192,187,129,87,42,31,27,21,2524,08,226,,
29,0037,4/6/2020,W,9,7,6,3,18,44,105,168,115,139,151,153,200,179,196,196,253,263,187,98,71,42,41,25,2669,18,263,,
75,0038,4/6/2020,E,43,21,29,54,111,373,759,939,833,809,746,958,925,905,901,946,923,890,644,524,353,228,153,76,13143,12,958,,
75,0038,4/6/2020,W,38,31,21,48,52,220,457,668,658,656,729,877,1048,972,977,1062,1237,1209,882,582,428,272,199,99,13422,17,1237,,
07,0039,4/6/2020,E,13,7,20,45,106,204,362,417,376,316,364,334,387,383,346,471,571,600,361,183,132,74,39,20,6131,18,600,,
07,0039,4/6/2020,W,17,20,13,29,101,405,554,543,345,306,306,349,374,376,412,394,400,454,284,182,124,77,61,20,6146,07,554,,
26,0043,4/6/2020,N,12,7,5,8,11,24,65,110,101,134,166,169,213,211,202,289,353,347,203,111,101,59,33,26,2960,17,353,,
26,0043,4/6/2020,S,7,8,5,16,39,93,282,351,254,194,192,201,190,178,175,189,188,122,114,79,62,23,25,15,3002,08,351,,
02,0044,4/6/2020,N,29,21,19,37,67,162,316,487,508,474,490,522,545,571,547,489,556,482,286,224,142,98,61,53,7186,14,571,,
02,0044,4/6/2020,S,28,13,23,28,56,149,219,269,324,346,308,413,379,427,404,431,498,495,278,172,147,86,36,42,5571,17,498,,
74,0047,4/6/2020,N,13,7,14,14,40,78,101,141,126,148,177,200,238,184,211,231,225,258,179,133,72,58,43,28,2919,18,258,,
74,0047,4/6/2020,S,18,12,22,34,65,151,203,187,160,153,197,190,198,205,228,200,224,183,142,149,84,54,36,35,3130,15,228,,
48,0048,4/6/2020,E,8,7,6,12,26,146,244,213,144,151,156,166,169,172,166,159,183,190,137,89,57,48,40,23,2712,07,244,,
48,0048,4/6/2020,W,3,3,3,6,22,44,91,110,97,92,115,106,132,127,139,188,255,220,112,81,40,38,21,23,2068,17,255,,
53,0050,4/6/2020,N,17,19,10,23,38,67,123,156,147,168,202,196,197,239,220,273,219,217,140,112,74,55,34,57,3003,16,273,,
53,0050,4/6/2020,S,31,32,31,43,87,150,268,260,185,195,211,213,222,245,225,198,225,214,158,120,83,69,59,48,3572,07,268,,
60,0051,4/6/2020,N,9,0,1,5,15,33,57,52,49,64,69,75,86,102,98,106,168,121,64,45,42,20,16,16,1313,17,168,,
60,0051,4/6/2020,S,2,6,8,12,33,102,145,123,76,70,79,64,73,77,75,75,63,79,49,29,13,17,4,12,1286,07,145,,
50,0054,4/6/2020,N,6,3,7,14,16,35,59,82,101,112,109,139,142,162,143,205,279,281,183,123,87,26,28,26,2368,18,281,,
50,0054,4/6/2020,S,8,14,13,19,27,85,231,247,126,116,138,130,153,119,136,126,142,144,124,81,56,37,30,18,2320,08,247,,
49,0060,4/6/2020,E,2,2,1,4,7,14,40,53,69,66,74,73,68,77,84,88,101,76,74,37,16,14,4,3,1047,17,101,,
49,0060,4/6/2020,W,3,4,2,1,8,28,56,90,86,67,68,74,65,73,75,75,67,70,57,33,19,15,7,6,1049,08,90,,
72,0062,4/6/2020,E,54,21,9,19,30,86,381,652,722,603,730,781,937,871,802,853,929,894,636,435,329,173,103,69,11119,13,937,,
72,0062,4/6/2020,W,36,22,14,16,36,109,331,537,569,511,671,774,839,851,809,831,943,900,630,511,369,202,100,83,10694,17,943,,
92,0065,4/6/2020,E,21,8,18,32,45,135,385,310,223,219,198,201,236,216,231,235,215,234,146,111,84,43,38,26,3610,07,385,,
92,0065,4/6/2020,W,14,10,14,24,42,142,199,194,182,198,209,217,240,249,237,282,316,332,202,115,97,82,52,25,3674,18,332,,
15,0066,4/6/2020,N,13,3,8,11,9,37,87,177,253,253,302,354,369,408,388,410,392,300,228,193,148,83,39,38,4503,16,410,,
15,0066,4/6/2020,S,5,8,6,2,3,26,93,186,240,284,284,285,362,360,348,376,303,309,271,198,129,57,46,30,4211,16,376,,
04,0068,4/6/2020,E,10,1,7,12,17,33,102,102,103,110,98,103,101,94,97,133,152,193,119,44,32,20,14,10,1707,18,193,,
04,0068,4/6/2020,W,7,10,11,6,45,120,221,159,106,99,108,99,135,103,93,103,109,101,60,48,26,21,22,10,1822,07,221,,
14,0079,4/6/2020,N,26,20,36,44,72,206,262,286,254,270,339,385,398,416,417,479,558,575,385,234,198,126,80,55,6121,18,575,,
14,0079,4/6/2020,S,25,23,23,59,96,242,392,440,393,317,346,372,363,380,309,382,459,406,337,229,167,102,70,49,5981,17,459,,
10,0080,4/6/2020,E,18,13,16,24,28,106,239,245,249,249,256,332,308,337,331,392,416,414,344,238,152,115,56,41,4919,17,416,,
10,0080,4/6/2020,W,21,19,12,24,61,216,433,348,259,281,289,342,330,344,347,360,351,386,274,199,187,93,70,26,5272,07,433,,
15,0086,4/6/2020,E,30,19,13,34,35,180,490,642,542,473,436,430,452,463,508,665,644,632,413,324,200,118,74,64,7881,16,665,,
15,0086,4/6/2020,W,32,12,19,16,44,146,411,592,503,450,411,462,496,518,578,685,787,644,418,303,173,104,88,54,7946,17,787,,
93,0087,4/6/2020,E,5,4,0,8,9,41,147,420,607,424,381,375,389,361,317,298,280,230,192,132,40,25,20,12,4717,09,607,,
93,0087,4/6/2020,W,13,3,3,2,6,20,57,134,229,275,324,382,461,441,504,654,657,405,272,256,157,70,27,19,5371,17,657,,
03,0094,4/6/2020,E,27,10,17,20,17,83,240,505,645,667,828,951,1002,967,1040,1148,1235,1076,594,478,314,196,112,82,12254,17,1235,,
03,0094,4/6/2020,W,25,15,10,25,75,275,782,1067,981,872,956,947,1002,976,972,940,757,714,485,423,264,167,96,47,12873,08,1067,,
87,0096,4/6/2020,N,145,85,66,74,150,323,561,618,523,491,503,562,607,601,650,788,764,707,619,437,348,285,238,187,10332,16,788,,
87,0096,4/6/2020,S,94,63,40,55,78,212,557,598,390,450,502,495,549,580,683,758,699,746,498,395,286,191,176,114,9209,16,758,,
93,0101,4/6/2020,E,70,49,41,76,179,561,1308,1818,1534,1373,1354,1390,1469,1575,1482,1604,1719,1486,1059,729,471,349,203,143,22042,08,1818,,
93,0101,4/6/2020,W,105,48,74,75,160,373,927,1214,1224,1272,1354,1434,1536,1534,1561,1719,2016,2102,1353,873,632,360,221,199,22366,18,2102,,
77,0102,4/6/2020,N,48,33,30,30,52,162,316,535,515,600,727,848,1001,917,1025,1040,1026,1062,809,612,455,233,175,102,12353,18,1062,,
77,0102,4/6/2020,S,37,35,26,49,78,266,611,758,736,713,769,901,955,911,917,915,963,931,701,563,391,247,165,88,12726,17,963,,
75,0104,4/6/2020,E,27,16,18,26,74,293,568,476,413,394,403,529,569,575,594,725,734,737,493,363,245,157,122,67,8618,18,737,,
75,0104,4/6/2020,W,32,19,21,36,84,297,480,500,430,441,405,474,588,507,525,624,662,674,456,328,230,167,112,44,8136,18,674,,
76,0105,4/6/2020,N,23,9,9,37,122,310,627,637,528,552,475,517,543,476,478,483,463,392,312,248,187,109,62,39,7638,08,637,,
76,0105,4/6/2020,S,33,16,8,26,27,99,204,263,274,349,438,427,476,534,523,657,732,847,572,371,258,134,93,71,7432,18,847,,
87,0108,4/6/2020,E,51,33,37,45,102,438,1450,2044,1845,1403,1137,1116,1089,1134,1212,1134,1052,1097,999,664,394,308,305,136,19225,08,2044,,
87,0108,4/6/2020,W,80,42,39,37,66,185,558,949,1071,1021,1089,1129,1231,1280,1578,1962,2134,1492,973,798,568,382,292,284,19240,17,2134,,
32,0112,4/6/2020,N,135,114,119,109,143,196,317,369,476,523,637,737,773,844,779,730,789,670,614,554,373,346,302,203,10852,14,844,,
32,0112,4/6/2020,S,197,159,167,197,236,286,344,405,410,404,468,441,490,566,595,664,628,633,475,482,409,343,269,223,9491,16,664,,
70,0113,4/6/2020,E,38,21,16,42,76,199,474,821,940,909,914,1078,1027,982,1013,990,1066,970,583,435,322,219,135,78,13348,12,1078,,
70,0113,4/6/2020,W,54,35,13,26,78,168,482,779,807,847,1059,1037,1177,1115,1110,1277,1223,1163,742,595,421,260,180,135,14783,16,1277,,
70,0114,4/6/2020,N,7,9,6,18,51,123,397,506,397,342,363,363,388,376,373,434,518,395,241,135,100,67,47,43,5699,17,518,,
70,0114,4/6/2020,S,16,10,10,14,43,142,385,407,325,297,321,340,392,399,393,475,522,508,276,175,104,66,59,29,5708,17,522,,
34,0116,4/6/2020,N,14,11,6,13,38,64,117,163,184,250,311,337,344,350,398,389,384,383,273,168,120,71,51,34,4473,15,398,,
34,0116,4/6/2020,S,10,9,14,32,47,87,202,289,294,285,311,342,348,326,325,281,295,277,183,147,87,65,29,27,4312,13,348,,
53,0117,4/6/2020,E,18,7,12,11,32,95,212,328,337,403,471,514,519,490,473,476,467,365,248,222,128,92,70,51,6041,13,519,,
53,0117,4/6/2020,W,14,8,6,13,24,77,277,364,355,425,489,548,552,486,508,505,488,390,254,218,131,91,68,23,6314,13,552,,
57,0122,4/6/2020,E,18,15,20,38,80,172,268,426,340,328,339,405,357,356,398,442,429,365,261,218,112,71,63,31,5552,16,442,,
57,0122,4/6/2020,W,27,14,9,22,22,148,243,265,288,328,334,347,406,367,406,482,520,488,279,210,144,79,62,40,5530,17,520,,
75,0130,4/6/2020,E,186,117,158,237,486,1449,2729,2490,2074,1868,1734,1689,1804,1843,1932,2247,2118,2026,1513,1130,759,655,491,343,32078,07,2729,,
75,0130,4/6/2020,W,222,145,148,238,432,1027,2129,2154,1848,1580,1623,1688,1763,1939,2061,2510,2587,2622,1870,1270,1003,742,618,349,32568,18,2622,,
79,0133,4/6/2020,N,50,59,63,87,131,329,644,930,891,793,744,815,832,850,810,818,917,877,663,477,341,276,207,167,12771,08,930,,
79,0133,4/6/2020,S,110,80,91,96,165,394,526,639,584,605,646,672,711,747,756,890,971,949,634,475,353,228,201,163,11686,17,971,,
70,0134,4/6/2020,N,73,64,61,86,150,406,774,717,684,662,657,677,714,717,786,767,763,779,610,404,371,256,228,163,11569,15,786,,
70,0134,4/6/2020,S,100,103,84,133,196,370,566,727,627,557,543,553,621,601,622,699,858,734,569,417,312,224,174,144,10534,17,858,,
87,0137,4/6/2020,E,182,145,140,262,523,1733,3181,3266,3108,2815,2694,2773,2902,3046,3152,3573,3492,3309,2446,1877,1345,1105,824,603,48496,16,3573,,
87,0137,4/6/2020,W,244,185,244,376,681,1812,2579,2952,2774,2536,2456,2764,2965,3070,3460,3657,3691,3566,2456,1863,1434,1134,765,495,48159,17,3691,,
88,0139,4/6/2020,E,15,8,14,24,39,95,138,154,115,107,107,108,125,131,138,132,124,113,89,63,58,42,34,31,2004,08,154,,
88,0139,4/6/2020,W,12,10,10,11,39,70,121,95,114,125,131,134,133,152,129,108,123,123,99,47,50,29,32,22,1919,14,152,,
93,0140,4/6/2020,E,7,8,10,14,30,184,289,242,170,126,128,161,151,169,159,154,143,137,89,62,35,28,32,18,2546,07,289,,
93,0140,4/6/2020,W,10,3,15,32,59,99,198,136,141,115,158,139,140,131,147,200,229,202,98,63,33,26,25,18,2417,17,229,,
03,0143,4/6/2020,N,34,11,11,22,136,361,510,316,289,266,279,316,366,341,398,476,557,602,366,236,221,113,78,45,6350,18,602,,
03,0143,4/6/2020,S,23,9,10,33,97,223,567,518,379,309,340,311,396,365,397,463,468,475,395,226,200,131,68,35,6438,07,567,,
94,0144,4/6/2020,E,1,0,2,2,5,38,88,71,63,74,64,85,86,79,80,74,106,115,64,29,35,15,28,8,1212,18,115,,
94,0144,4/6/2020,W,2,2,1,2,7,38,146,127,90,82,93,81,79,75,61,90,80,66,41,27,19,9,4,6,1228,07,146,,
04,0145,4/6/2020,N,31,21,9,23,44,106,183,177,196,194,227,255,263,213,208,264,292,274,143,107,92,54,41,27,3444,17,292,,
04,0145,4/6/2020,S,13,30,34,34,63,161,246,256,211,195,212,219,207,224,227,188,205,206,142,96,77,44,44,23,3357,08,256,,
33,0149,4/6/2020,N,5,5,11,13,33,41,81,121,89,92,91,117,109,112,110,103,87,134,79,63,39,21,10,3,1569,18,134,,
33,0149,4/6/2020,S,5,7,7,13,15,37,68,105,71,103,89,112,114,105,99,116,117,106,95,84,50,22,13,6,1559,17,117,,
55,0151,4/6/2020,E,30,30,16,29,22,48,162,415,358,374,380,515,533,517,545,506,643,683,447,374,268,177,102,58,7232,18,683,,
55,0151,4/6/2020,W,34,17,16,14,28,71,222,452,381,308,325,374,481,440,423,422,498,481,350,264,261,162,113,85,6222,17,498,,
61,0152,4/6/2020,E,73,58,52,79,86,155,208,285,298,296,345,348,297,339,333,323,307,272,225,185,132,126,118,70,5010,12,348,,
61,0152,4/6/2020,W,2,3,6,4,9,24,53,51,64,44,41,54,69,67,84,89,78,67,46,29,23,21,13,9,950,16,89,,
75,0154,4/6/2020,N,107,55,40,61,145,304,532,735,680,613,623,725,833,844,920,1001,1074,1020,779,591,513,405,368,194,13162,17,1074,,
75,0154,4/6/2020,S,48,49,68,164,293,545,949,988,784,655,692,789,938,936,894,968,1055,1077,826,658,518,344,257,109,14604,18,1077,,
48,0156,4/6/2020,E,106,88,67,111,191,485,889,1099,825,720,663,689,683,662,752,776,832,744,529,361,263,231,153,140,12059,08,1099,,
48,0156,4/6/2020,W,83,60,57,78,178,408,708,690,629,624,686,700,681,683,762,888,1051,1061,597,416,272,190,177,136,11815,18,1061,,
72,0161,4/6/2020,E,69,49,26,51,66,208,491,771,788,732,734,828,900,928,981,1196,1214,1164,758,540,441,294,226,134,13589,17,1214,,
72,0161,4/6/2020,W,61,36,43,51,112,298,831,932,851,680,672,760,841,842,822,1013,893,937,703,453,341,225,198,125,12720,16,1013,,
10,0162,4/6/2020,E,37,48,22,31,58,149,305,521,552,499,546,614,652,662,746,881,855,782,464,339,292,173,120,95,9443,16,881,,
10,0162,4/6/2020,W,42,37,57,71,156,365,750,787,709,633,614,642,682,665,674,644,729,651,438,346,251,178,139,79,10339,08,787,,
90,0164,4/6/2020,N,17,8,10,24,69,135,202,309,378,391,394,339,425,374,442,485,581,511,332,179,120,87,61,29,5902,17,581,,
90,0164,4/6/2020,S,22,21,36,56,92,248,472,517,565,434,341,352,320,329,302,323,337,298,197,143,114,69,62,24,5674,09,565,,
90,0165,4/6/2020,N,43,31,16,25,36,99,282,505,534,616,740,834,935,887,941,980,1093,986,661,483,384,282,130,103,11626,17,1093,,
90,0165,4/6/2020,S,42,23,17,19,51,118,360,900,901,852,788,800,826,882,791,826,790,656,548,476,328,196,122,92,11404,09,901,,
46,0166,4/6/2020,E,7,5,1,2,5,25,94,111,140,149,165,187,238,187,206,182,201,157,131,108,50,23,24,9,2407,13,238,,
46,0166,4/6/2020,W,7,8,1,6,7,23,95,150,134,168,178,221,277,237,243,223,238,201,184,132,73,28,25,19,2878,13,277,,
57,0167,4/6/2020,E,58,38,34,73,224,824,1326,1297,966,787,679,725,689,770,665,611,632,608,444,347,230,181,137,67,12412,07,1326,,
57,0167,4/6/2020,W,48,36,21,27,63,157,331,439,505,527,629,821,823,885,1083,1305,1356,1174,801,487,250,229,184,135,12316,17,1356,,
79,0170,4/6/2020,E,26,7,3,14,34,57,172,206,259,227,265,274,323,349,327,371,465,496,284,198,133,84,54,40,4668,18,496,,
79,0170,4/6/2020,W,4,10,13,27,82,219,393,486,361,257,262,256,282,304,273,298,312,270,190,129,82,53,42,21,4626,08,486,,
72,0171,4/6/2020,N,240,176,187,248,460,1225,2961,3347,2818,2396,2360,2426,2613,2622,2820,3101,2935,2746,2152,1535,1184,908,747,551,42758,08,3347,,
72,0171,4/6/2020,S,294,245,201,241,443,1164,2676,3037,2685,2240,2194,2233,2392,2511,2688,3005,3109,2905,1941,1590,1181,839,738,570,41122,17,3109,,
72,0172,4/6/2020,N,76,34,42,45,86,291,773,849,781,661,700,752,780,765,739,789,762,700,656,531,378,230,178,103,11701,08,849,,
72,0172,4/6/2020,S,80,60,28,45,43,86,236,440,507,627,704,800,853,875,924,1148,1211,1186,841,719,516,311,214,173,12627,17,1211,,
47,0173,4/6/2020,E,14,6,11,20,79,131,136,138,176,174,241,261,260,225,230,291,325,268,180,139,73,38,24,17,3457,17,325,,
47,0173,4/6/2020,W,12,10,10,25,80,146,235,280,242,226,256,266,271,232,227,242,271,174,166,81,53,42,32,16,3595,08,280,,
93,0174,4/6/2020,N,311,198,184,269,617,1428,4010,5438,4832,3622,3322,3194,3455,3371,3558,3946,4490,4334,2786,1978,1419,1068,849,640,59319,08,5438,,
93,0174,4/6/2020,S,329,207,229,305,553,1422,3178,4513,3994,3384,3213,3300,3397,3446,3782,4913,5144,5002,3142,2238,1651,1147,873,750,60112,17,5144,,
75,0175,4/6/2020,N,59,48,28,66,128,318,683,760,764,802,756,806,911,894,889,918,875,877,623,426,286,215,149,108,12389,16,918,,
75,0175,4/6/2020,S,62,40,56,80,120,314,631,789,714,737,848,901,937,900,963,1049,1061,983,707,562,363,288,235,158,13498,17,1061,,
86,0176,4/6/2020,N,0,0,0,0,0,0,0,0,0,0,0,0,0,0,0,0,0,0,0,0,0,0,0,0,0,01,0,,
86,0176,4/6/2020,S,64,50,37,29,51,86,239,330,369,421,434,480,523,549,516,498,557,534,463,403,319,207,179,125,7463,17,557,,
11,0177,4/6/2020,E,38,24,43,44,114,252,443,747,791,730,803,829,852,825,915,1014,1086,1040,640,394,293,174,137,99,12327,17,1086,,
11,0177,4/6/2020,W,37,30,26,56,77,268,659,970,865,746,696,782,856,759,859,856,828,877,590,363,300,176,138,92,11906,08,970,,
87,0178,4/6/2020,N,50,33,39,41,137,674,1288,1339,1265,1180,1061,1007,1109,1076,1083,1248,1097,1175,1025,742,505,364,295,161,17994,08,1339,,
87,0178,4/6/2020,S,88,51,52,43,77,248,786,983,1121,998,994,1123,1237,1248,1357,1457,1580,1539,1142,811,510,388,293,256,18382,17,1580,,
13,0180,4/6/2020,N,25,13,17,28,55,193,541,638,664,587,664,775,724,805,756,929,988,974,589,395,268,185,103,71,10987,17,988,,
13,0180,4/6/2020,S,22,10,23,22,89,256,585,873,753,659,739,777,800,776,805,717,782,825,546,354,243,154,103,54,10967,08,873,,
17,0181,4/6/2020,N,13,9,12,10,47,139,362,662,666,599,610,626,663,659,640,633,595,511,384,243,160,85,59,31,8418,09,666,,
17,0181,4/6/2020,S,24,17,10,14,23,73,180,316,447,508,586,653,658,672,662,777,761,703,430,287,166,117,59,39,8182,16,777,,
74,0182,4/6/2020,E,43,27,37,57,90,251,497,650,621,588,544,576,571,594,535,622,696,688,447,260,164,133,101,59,8851,17,696,,
74,0182,4/6/2020,W,28,28,44,50,103,280,499,556,465,436,483,479,556,474,584,606,679,622,423,282,176,112,79,70,8114,17,679,,
15,0183,4/6/2020,N,50,54,41,61,133,520,1298,1361,1138,819,758,733,824,841,947,1014,1099,992,758,476,341,249,165,116,14788,08,1361,,
15,0183,4/6/2020,S,64,42,48,59,160,477,1018,1091,1026,842,784,816,753,814,977,1186,1328,1308,759,508,371,263,185,131,15010,17,1328,,
12,0184,4/6/2020,N,131,89,82,112,269,616,1347,1628,1584,1485,1472,1634,1721,1932,2167,2958,3265,2864,1735,935,701,424,364,261,29776,17,3265,,
12,0184,4/6/2020,S,107,59,108,250,473,1440,3733,3514,2683,1982,1789,1513,1640,1539,1527,1581,1646,1469,1014,691,515,339,258,153,30023,07,3733,,
26,0185,4/6/2020,N,79,65,38,69,69,179,445,599,488,530,545,607,663,673,729,828,859,752,553,436,310,237,192,136,10081,17,859,,
26,0185,4/6/2020,S,55,41,48,45,92,179,519,660,551,504,517,558,660,591,614,636,726,628,515,401,264,218,180,135,9337,17,726,,
87,0188,4/6/2020,E,31,23,25,25,76,396,895,905,944,743,651,627,672,646,598,534,505,520,534,308,240,187,108,72,10265,09,944,,
87,0188,4/6/2020,W,41,26,21,17,36,68,217,393,434,443,509,609,601,697,741,881,922,915,633,593,349,251,149,134,9680,17,922,,
71,0189,4/6/2020,N,31,32,30,62,180,492,899,1003,988,869,904,969,1002,1026,941,1079,1078,1103,662,482,318,187,111,72,14520,18,1103,,
71,0189,4/6/2020,S,51,27,27,42,134,295,633,757,784,788,824,895,1014,987,1118,1329,1249,1202,868,548,369,175,153,81,14350,16,1329,,
14,0190,4/6/2020,N,187,151,129,225,372,749,1549,1818,1625,1712,1752,1759,1772,1784,1907,2506,2745,2430,1575,1127,740,620,454,345,30033,17,2745,,
14,0190,4/6/2020,S,218,174,191,259,469,1588,2594,2400,2052,1658,1478,1410,1497,1509,1524,1722,1680,1647,1261,932,747,541,376,324,28251,07,2594,,
03,0191,4/6/2020,N,85,55,53,102,219,478,1223,1549,1482,1234,1241,1352,1419,1499,1666,2224,2328,2090,1232,736,495,336,237,186,23521,17,2328,,
03,0191,4/6/2020,S,71,55,73,124,240,803,2448,2811,2135,1593,1371,1321,1311,1299,1292,1481,1456,1392,952,629,450,293,211,145,23956,08,2811,,
46,0192,4/6/2020,E,4,2,3,4,14,37,69,59,74,57,68,62,80,82,69,86,104,107,60,50,18,22,6,7,1144,18,107,,
46,0192,4/6/2020,W,4,4,2,4,23,91,127,82,69,63,61,65,65,87,68,68,77,74,35,16,13,14,8,4,1124,07,127,,
87,0193,4/6/2020,E,32,14,13,10,44,232,657,771,804,569,502,409,401,417,413,349,323,348,341,194,139,95,79,41,7197,09,804,,
87,0193,4/6/2020,W,29,10,11,5,23,46,151,296,331,355,357,427,500,531,621,850,804,801,508,379,226,154,93,83,7591,16,850,,
94,0195,4/6/2020,E,6,6,3,3,22,76,172,143,118,119,118,113,143,129,131,132,134,174,119,59,54,27,28,11,2040,18,174,,
94,0195,4/6/2020,W,8,2,5,9,41,70,163,159,117,128,128,129,119,121,121,121,154,123,103,49,32,17,19,16,1954,07,163,,
77,0197,4/6/2020,E,45,32,27,57,77,248,842,1001,1029,807,861,962,944,954,1008,1016,1083,1111,821,479,375,199,170,108,14256,18,1111,,
77,0197,4/6/2020,W,44,27,20,35,81,208,472,774,845,754,716,792,829,882,778,944,985,1008,722,550,361,194,163,88,12272,18,1008,,
93,0198,4/6/2020,N,398,238,188,205,385,829,2677,3564,3653,3028,2962,3154,3460,3552,3881,5004,5807,5524,3655,2376,1858,1367,989,839,59593,17,5807,,
93,0198,4/6/2020,S,333,224,235,344,625,2135,5306,5915,4938,3758,3243,2984,2955,3234,3471,3795,3894,3659,2665,2046,1529,1082,855,583,59808,08,5915,,
14,0199,4/6/2020,N,117,71,56,79,115,228,563,888,982,1106,1145,1228,1337,1395,1529,1648,1931,1809,1207,899,652,431,325,229,19970,17,1931,,
14,0199,4/6/2020,S,97,54,67,90,241,704,1253,1513,1396,1168,1192,1236,1356,1344,1267,1396,1335,1269,931,717,613,427,312,150,20128,08,1513,,
32,0202,4/6/2020,N,3,1,0,1,9,17,19,16,27,15,20,21,27,18,22,31,33,30,18,20,14,6,9,3,380,17,33,,
32,0202,4/6/2020,S,1,2,0,5,9,15,20,27,33,26,33,21,11,10,15,21,29,19,22,9,9,6,4,1,348,09,33,,
12,0203,4/6/2020,E,60,44,42,87,183,434,897,1070,917,855,1051,1048,1136,1119,1150,1353,1508,1381,845,629,386,224,202,126,16747,17,1508,,
12,0203,4/6/2020,W,52,46,43,48,106,385,1048,1434,1297,1058,1006,1018,1066,1127,1107,1154,1210,1081,741,517,356,277,192,128,16497,08,1434,,
75,0204,4/6/2020,E,139,97,102,151,242,591,1106,1138,991,938,886,956,1085,1050,1291,1612,1765,1673,1032,723,520,418,357,283,19146,17,1765,,
75,0204,4/6/2020,W,77,87,138,244,402,958,1719,1843,1415,1178,1011,975,1027,1142,1085,1169,1170,1016,772,509,402,311,232,153,19035,08,1843,,
55,0207,4/6/2020,N,9,8,4,2,1,11,26,112,169,160,167,199,264,250,224,272,307,347,220,146,89,48,29,13,3077,18,347,,
55,0207,4/6/2020,S,8,3,4,3,9,35,111,274,242,238,204,177,234,235,215,213,220,221,179,133,74,66,15,11,3124,08,274,,
55,0211,4/6/2020,E,9,2,6,7,10,75,227,287,203,123,123,118,140,109,130,111,116,119,84,74,73,33,19,10,2208,08,287,,
55,0211,4/6/2020,W,11,2,6,3,6,25,67,88,91,96,127,108,137,149,158,192,271,311,169,100,42,25,17,14,2215,18,311,,
86,0214,4/6/2020,E,101,62,59,75,184,524,1280,1616,1302,1070,996,783,767,737,741,747,1108,1061,676,496,317,249,220,133,15304,08,1616,,
86,0214,4/6/2020,W,125,84,48,49,72,163,329,596,646,656,716,818,976,1016,1036,1323,1526,1467,1009,819,623,457,355,260,15169,17,1526,,
86,0215,4/6/2020,N,12,3,4,6,8,24,59,120,189,167,206,191,230,213,236,259,246,213,168,118,113,49,47,31,2912,16,259,,
86,0215,4/6/2020,S,6,6,4,3,6,21,59,143,181,206,208,203,257,235,254,296,246,231,186,157,97,50,39,24,3118,16,296,,
72,0216,4/6/2020,N,76,57,63,137,281,635,1149,1263,1056,913,960,973,1079,1137,1237,1605,1714,1594,1087,717,498,334,240,205,19010,17,1714,,
72,0216,4/6/2020,S,150,90,82,112,300,962,1804,1865,1597,1274,1343,1412,1551,1515,1836,2200,2306,2215,1412,1057,738,627,428,270,27146,17,2306,,
93,0217,4/6/2020,N,149,98,93,141,252,597,1662,2158,2063,1767,1738,1808,1899,1955,2168,2650,3244,3189,1773,1171,762,519,416,370,32642,17,3244,,
93,0217,4/6/2020,S,168,120,157,244,463,1216,2671,3586,2893,2022,1822,1758,1637,1745,1861,2070,2192,1943,1319,944,729,466,365,270,32661,08,3586,,
53,0218,4/6/2020,E,92,74,59,103,98,179,261,310,367,319,375,406,335,376,404,376,339,317,253,214,150,148,144,97,5796,12,406,,
53,0218,4/6/2020,W,39,47,48,52,85,202,289,297,295,314,314,346,347,382,387,427,392,378,265,223,184,162,109,123,5707,16,427,,
57,0219,4/6/2020,N,22,6,7,18,38,90,165,258,268,237,232,270,288,339,442,591,575,416,234,150,92,83,82,52,4955,16,591,,
57,0219,4/6/2020,S,19,6,8,41,68,440,706,533,405,309,277,279,273,276,277,248,262,252,134,90,56,63,54,21,5097,07,706,,
97,0223,4/6/2020,N,12,9,10,11,13,64,152,141,116,79,74,79,86,97,104,160,232,189,117,62,40,21,27,29,1924,17,232,,
97,0223,4/6/2020,S,7,5,14,22,73,175,227,178,104,89,93,97,74,96,83,145,107,131,64,40,26,22,23,13,1908,07,227,,
17,0225,4/6/2020,N,121,125,126,203,423,1108,2288,2886,2556,2045,2044,2024,1868,2008,2068,2429,2369,2242,1460,919,633,443,356,249,32993,08,2886,,
17,0225,4/6/2020,S,153,128,131,204,332,839,2141,2903,2494,2051,1956,1906,1875,1866,2073,2411,2605,2398,1372,935,639,437,314,251,32414,08,2903,,
90,0227,4/6/2020,N,9,6,8,11,16,59,114,239,296,295,327,352,336,337,322,380,369,327,193,115,98,41,25,22,4297,16,380,,
90,0227,4/6/2020,S,10,11,7,15,40,96,198,326,325,315,325,307,379,322,313,326,318,231,200,114,76,51,27,29,4361,13,379,,
01,0228,4/6/2020,E,21,23,15,39,58,185,402,647,600,630,684,718,781,803,873,943,970,744,443,301,184,85,76,50,10275,17,970,,
01,0228,4/6/2020,W,28,9,14,20,58,203,581,912,769,682,729,704,735,757,750,748,804,664,456,293,182,88,64,45,10295,08,912,,
09,0229,4/6/2020,E,11,5,9,22,35,93,179,259,184,146,150,173,157,163,155,136,148,137,104,73,37,28,22,14,2440,08,259,,
09,0229,4/6/2020,W,6,4,5,9,24,71,101,157,118,134,150,171,203,175,187,174,250,229,118,89,57,38,17,23,2510,17,250,,
16,0230,4/6/2020,N,15,12,15,31,53,125,183,196,209,170,167,205,210,177,220,231,248,248,158,127,74,52,33,35,3194,17,248,,
16,0230,4/6/2020,S,20,20,14,27,50,156,208,193,216,181,181,197,171,188,192,219,191,233,161,117,78,44,27,25,3109,18,233,,
26,0231,4/6/2020,N,2,6,12,20,20,40,91,108,107,114,74,93,113,123,112,138,140,129,96,62,43,17,7,10,1677,17,140,,
26,0231,4/6/2020,S,2,1,0,10,15,31,75,127,86,99,87,100,113,108,117,133,164,130,90,46,32,16,16,7,1605,17,164,,
27,0232,4/6/2020,N,8,5,5,9,9,25,31,34,28,42,46,66,70,86,98,99,144,136,105,83,40,25,22,18,1234,17,144,,
27,0232,4/6/2020,S,6,3,4,11,26,71,99,108,65,69,68,66,69,70,63,70,70,68,63,44,35,16,8,13,1185,08,108,,
71,0233,4/6/2020,N,21,20,24,38,144,341,464,531,435,394,399,396,417,440,408,388,444,473,322,223,131,106,62,36,6657,08,531,,
71,0233,4/6/2020,S,32,26,27,27,70,146,217,268,274,271,349,406,446,460,506,584,662,711,452,327,217,116,77,35,6706,18,711,,
30,0234,4/6/2020,N,7,5,3,4,7,31,42,57,43,64,72,79,58,85,70,89,73,108,68,65,25,13,7,10,1085,18,108,,
30,0234,4/6/2020,S,4,8,2,3,8,24,35,68,64,62,72,73,70,73,74,85,75,90,61,41,34,20,14,5,1065,18,90,,
72,0235,4/6/2020,N,14,11,11,16,28,70,116,108,86,103,105,105,111,115,117,104,108,99,66,52,34,25,24,16,1644,15,117,,
72,0235,4/6/2020,S,7,7,9,23,20,64,92,91,71,75,75,81,89,89,73,90,114,95,90,40,28,24,20,13,1380,17,114,,
33,0237,4/6/2020,N,0,0,0,1,3,6,14,11,7,18,18,13,19,14,21,27,33,21,23,20,7,6,0,2,284,17,33,,
33,0237,4/6/2020,S,0,1,0,2,7,10,23,25,13,18,14,12,16,20,17,19,22,14,17,9,2,2,0,0,263,08,25,,
37,0238,4/6/2020,E,109,99,85,125,150,214,251,314,318,323,359,397,420,413,507,403,422,380,335,319,235,193,156,97,6624,15,507,,
37,0238,4/6/2020,W,86,57,61,71,107,176,234,333,334,345,395,366,451,465,487,474,511,417,375,352,242,214,169,78,6800,17,511,,
34,0239,4/6/2020,E,0,0,1,1,2,11,17,19,16,17,26,16,31,22,35,29,27,18,9,9,6,5,0,0,317,15,35,,
34,0239,4/6/2020,W,0,1,0,0,0,1,16,16,16,31,19,21,21,20,17,31,24,26,11,16,6,3,1,0,297,10,31,,
76,0240,4/6/2020,E,18,14,15,36,97,249,344,396,315,299,305,342,323,354,318,279,299,256,187,140,105,69,39,16,4815,08,396,,
76,0240,4/6/2020,W,20,12,6,11,15,51,138,172,203,205,268,299,336,339,318,428,492,541,318,204,168,117,68,40,4769,18,541,,
37,0241,4/6/2020,N,3,1,1,2,11,27,61,135,87,93,73,79,83,97,101,87,112,102,64,52,33,22,8,9,1343,08,135,,
37,0241,4/6/2020,S,6,5,2,0,18,23,54,87,88,96,94,81,68,85,78,98,123,121,82,47,33,25,12,4,1330,17,123,,
37,0242,4/6/2020,N,5,8,5,9,16,30,62,92,78,82,91,111,88,84,96,94,92,97,75,41,14,15,16,7,1308,12,111,,
37,0242,4/6/2020,S,4,2,2,6,8,14,38,85,76,69,76,91,102,85,109,103,110,112,66,61,32,22,9,6,1288,18,112,,
48,0243,4/6/2020,N,4,3,3,9,19,39,82,104,107,116,137,120,133,113,127,123,151,127,88,63,43,17,15,5,1748,17,151,,
48,0243,4/6/2020,S,5,1,5,4,31,71,66,73,78,110,119,133,142,159,105,157,172,119,88,64,39,22,14,9,1786,17,172,,
54,0245,4/6/2020,N,2,1,3,1,0,11,16,44,40,33,26,35,31,34,42,41,54,62,38,31,15,10,4,2,576,18,62,,
54,0245,4/6/2020,S,0,0,1,2,4,5,45,44,49,39,35,30,48,36,46,29,41,36,33,24,8,9,3,3,570,09,49,,
11,0246,4/6/2020,E,10,6,11,23,68,214,352,390,324,264,277,310,311,296,322,331,374,359,237,159,128,59,41,26,4892,08,390,,
11,0246,4/6/2020,W,22,10,11,20,28,65,135,263,314,284,260,292,341,298,292,370,465,399,327,177,121,65,42,33,4634,17,465,,
53,0247,4/6/2020,N,1,1,5,1,8,27,49,81,60,46,58,68,73,74,74,106,87,85,36,36,13,5,7,10,1011,16,106,,
53,0247,4/6/2020,S,2,2,6,1,12,36,70,70,60,57,52,53,65,60,72,59,82,74,44,26,20,15,12,2,952,17,82,,
53,0248,4/6/2020,E,6,4,4,5,9,22,30,36,32,46,55,38,57,49,56,62,53,51,32,29,17,6,9,13,721,16,62,,
53,0248,4/6/2020,W,5,2,5,9,14,34,74,48,54,45,58,50,51,61,42,48,53,43,39,22,13,9,10,11,800,07,74,,
36,0249,4/6/2020,E,64,44,24,39,128,198,409,498,502,581,571,660,707,768,740,983,1133,1086,701,493,354,266,178,162,11289,17,1133,,
36,0249,4/6/2020,W,51,19,44,79,180,408,739,999,795,707,724,770,682,742,694,764,795,781,533,349,306,199,163,94,11617,08,999,,
57,0250,4/6/2020,N,34,22,34,48,99,352,705,622,573,591,584,624,716,576,768,853,888,822,488,323,180,104,117,94,10217,17,888,,
57,0250,4/6/2020,S,43,17,29,40,118,391,757,942,731,680,618,680,684,530,722,833,812,612,477,278,172,133,120,79,10498,08,942,,
58,0251,4/6/2020,E,5,5,6,8,21,44,40,39,50,55,55,59,64,57,77,78,89,79,68,53,24,15,4,9,1004,17,89,,
58,0251,4/6/2020,W,2,1,3,8,10,45,78,50,44,53,57,54,59,73,69,82,76,83,34,33,14,17,11,5,961,18,83,,
59,0252,4/6/2020,N,1,2,2,2,5,19,46,41,43,38,38,29,35,34,41,39,34,50,31,15,8,2,12,1,568,18,50,,
59,0252,4/6/2020,S,0,2,0,2,6,7,35,37,26,31,27,31,26,34,28,36,42,45,39,20,18,13,5,0,510,18,45,,
86,0255,4/6/2020,E,63,41,29,66,97,224,617,981,898,825,830,842,835,863,979,888,963,1011,800,488,342,274,215,138,13309,18,1011,,
86,0255,4/6/2020,W,80,39,39,71,104,222,513,815,859,774,782,792,846,885,915,959,1050,1043,695,515,391,274,195,153,13011,17,1050,,
86,0256,4/6/2020,E,25,19,18,19,45,145,361,580,551,501,546,531,642,633,623,662,670,648,476,361,267,147,103,66,8639,17,670,,
86,0256,4/6/2020,W,29,27,10,18,26,80,277,432,482,464,456,571,556,563,617,660,774,705,427,320,191,143,84,61,7973,17,774,,
87,0258,4/6/2020,N,80,47,27,37,67,144,281,330,351,392,491,569,601,620,600,595,699,732,652,502,419,299,212,170,8917,18,732,,
87,0258,4/6/2020,S,84,52,35,30,47,112,209,332,344,417,563,587,575,674,641,622,743,674,676,556,460,288,241,189,9151,17,743,,
89,0259,4/6/2020,N,8,0,1,2,11,48,46,91,122,116,176,162,152,130,180,199,211,150,96,64,41,28,16,11,2061,17,211,,
89,0259,4/6/2020,S,1,4,2,0,13,46,92,152,191,157,169,160,143,159,180,207,147,111,74,51,25,17,22,10,2133,16,207,,
94,0260,4/6/2020,N,102,126,80,168,287,657,1196,1462,1238,1089,994,1028,1116,1129,1134,1188,1274,1219,848,554,489,377,291,240,18286,08,1462,,
94,0260,4/6/2020,S,150,107,122,179,325,604,1147,1222,1159,1010,925,950,1001,1013,1140,1130,1343,1353,863,623,0,346,292,208,17212,18,1353,,
11,0262,4/6/2020,N,4,7,7,8,21,69,120,148,159,181,187,227,234,237,234,242,277,266,194,107,96,44,29,31,3129,17,277,,
11,0262,4/6/2020,S,8,5,5,12,34,75,171,243,226,193,214,223,247,235,217,279,197,195,131,96,67,41,23,24,3161,16,279,,
73,0263,4/6/2020,N,16,7,5,14,20,77,162,208,227,186,201,251,273,276,304,423,507,493,233,167,122,82,56,51,4361,17,507,,
73,0263,4/6/2020,S,10,9,15,39,72,179,373,497,380,249,255,241,240,231,312,275,262,259,188,103,72,71,41,25,4398,08,497,,
36,0264,4/6/2020,E,31,27,23,18,46,80,131,247,306,422,495,562,647,635,614,724,745,854,470,368,255,124,94,71,7989,18,854,,
36,0264,4/6/2020,W,23,14,21,38,96,194,436,578,514,525,537,560,517,541,483,490,508,447,308,230,177,93,76,41,7447,08,578,,
92,0265,4/6/2020,E,67,61,39,52,103,247,517,783,759,814,963,1052,1249,1248,1263,1383,1395,1308,977,774,590,401,302,187,16534,17,1395,,
92,0265,4/6/2020,W,54,50,46,93,170,427,811,844,813,820,1002,1056,1248,1293,1285,1302,1382,1349,1024,767,552,410,295,124,17217,17,1382,,
97,0267,4/6/2020,N,87,85,122,204,485,1710,2886,2727,2305,1833,1608,1595,1509,1672,1760,1845,1787,1596,1117,799,592,411,298,209,29242,07,2886,,
97,0267,4/6/2020,S,99,64,69,97,188,495,1198,1559,1560,1493,1412,1398,1649,1677,1973,2637,2899,2618,1632,982,655,502,332,215,27403,17,2899,,
29,0269,4/6/2020,E,86,101,74,131,169,219,229,294,284,285,317,312,346,356,379,371,377,337,305,269,226,186,155,107,5915,15,379,,
29,0269,4/6/2020,W,68,61,88,84,126,188,229,311,292,316,368,386,422,402,346,407,396,317,325,264,195,193,136,136,6056,13,422,,
03,0270,4/6/2020,E,3,1,1,2,16,16,30,26,25,26,34,44,36,43,31,36,39,34,25,19,9,4,1,2,503,12,44,,
03,0270,4/6/2020,W,0,0,1,5,5,16,16,21,26,38,34,32,22,32,25,39,45,34,24,15,11,4,5,3,453,17,45,,
04,0271,4/6/2020,E,7,4,5,11,19,69,104,169,147,121,117,142,169,158,188,182,192,175,143,107,65,41,38,31,2404,17,192,,
04,0271,4/6/2020,W,10,4,6,2,17,118,219,137,138,116,118,158,156,164,163,155,183,190,112,86,64,44,51,21,2432,07,219,,
05,0272,4/6/2020,E,6,3,3,9,23,72,120,137,102,89,109,102,110,118,108,105,96,123,58,45,29,30,10,12,1619,08,137,,
05,0272,4/6/2020,W,6,2,6,10,18,57,105,110,121,94,99,108,114,112,103,102,131,135,98,41,33,21,9,7,1642,18,135,,
12,0273,4/6/2020,N,10,7,11,23,61,141,285,301,277,272,211,245,240,205,192,221,226,221,126,97,71,33,21,16,3513,08,301,,
12,0273,4/6/2020,S,5,6,17,20,31,97,217,253,236,251,247,240,237,255,295,310,279,259,170,110,70,44,13,23,3685,16,310,,
16,0274,4/6/2020,N,30,9,19,33,51,127,275,415,428,454,543,636,733,714,694,877,899,962,678,431,281,147,92,56,9584,18,962,,
16,0274,4/6/2020,S,28,20,37,31,146,356,612,645,504,487,566,620,731,648,659,702,705,678,493,372,246,147,84,40,9557,13,731,,
16,0275,4/6/2020,E,37,33,64,71,83,189,247,257,291,259,287,329,353,349,372,430,465,398,272,213,152,107,108,72,5438,17,465,,
16,0275,4/6/2020,W,32,32,39,106,114,158,239,358,326,319,331,269,349,394,361,387,386,346,264,177,159,106,69,62,5383,14,394,,
10,0276,4/6/2020,E,16,10,12,12,32,84,216,177,159,161,159,202,202,193,188,232,247,298,209,131,107,45,18,21,3131,18,298,,
10,0276,4/6/2020,W,13,4,12,13,23,120,238,258,262,170,180,179,177,181,217,250,235,254,201,121,71,36,19,19,3253,09,262,,
32,0277,4/6/2020,E,3,3,6,2,11,12,24,36,32,34,39,41,35,39,40,53,56,45,43,23,23,24,11,5,640,17,56,,
32,0277,4/6/2020,W,5,2,3,2,4,13,21,47,32,31,39,41,44,43,41,39,56,48,29,25,19,16,13,5,618,17,56,,
34,0278,4/6/2020,N,11,39,17,21,26,54,89,207,742,237,304,199,206,465,346,296,265,280,179,113,67,44,28,57,4292,09,742,,
34,0278,4/6/2020,S,9,11,13,21,36,97,211,213,205,166,171,175,168,207,216,183,181,208,130,98,75,54,35,12,2895,15,216,,
35,0279,4/6/2020,E,4,6,11,11,11,27,70,99,150,216,243,279,295,257,268,304,269,278,165,135,71,42,31,27,3269,16,304,,
35,0279,4/6/2020,W,11,0,6,6,10,34,81,144,164,182,183,206,246,197,213,188,194,200,129,98,63,41,15,21,2632,13,246,,
38,0280,4/6/2020,E,4,4,2,11,22,29,47,59,55,70,48,59,66,65,45,49,44,36,21,13,9,4,2,1,765,10,70,,
38,0280,4/6/2020,W,5,4,2,3,14,49,60,28,51,50,56,57,64,60,76,54,42,41,25,11,16,11,2,3,784,15,76,,
50,0281,4/6/2020,N,1,1,3,1,6,7,25,44,36,25,32,33,39,42,42,49,51,71,45,34,22,19,11,7,646,18,71,,
50,0281,4/6/2020,S,0,3,2,1,8,21,54,61,27,19,29,36,33,34,31,36,35,55,45,45,26,10,6,4,621,08,61,,
48,0282,4/6/2020,E,13,20,12,23,46,139,419,670,519,537,548,603,641,581,603,509,544,498,406,247,86,45,29,15,7753,08,670,,
48,0282,4/6/2020,W,17,16,10,10,23,70,167,392,323,441,459,567,659,595,578,629,689,545,405,339,176,115,105,69,7399,17,689,,
08,0283,4/6/2020,N,42,18,13,27,52,124,234,392,457,425,473,564,572,634,602,675,727,727,430,317,262,133,96,65,8061,17,727,,
08,0283,4/6/2020,S,26,17,21,38,55,179,332,513,542,493,510,586,591,592,557,567,585,543,370,249,225,135,63,40,7829,14,592,,
70,0284,4/6/2020,N,1,0,4,6,11,36,84,168,191,211,245,242,273,238,256,230,201,162,104,79,33,14,14,6,2809,13,273,,
70,0284,4/6/2020,S,5,4,3,1,6,14,38,102,172,172,206,243,228,263,233,251,233,231,182,94,46,28,16,9,2780,14,263,,
58,0285,4/6/2020,N,4,0,6,2,10,20,28,38,43,40,38,49,49,47,49,52,62,55,37,25,16,10,5,1,686,17,62,,
58,0285,4/6/2020,S,2,4,1,6,11,35,46,59,43,46,53,36,54,53,45,55,51,37,35,21,17,14,9,7,740,08,59,,
29,0286,4/6/2020,N,19,12,12,22,53,50,103,136,152,172,192,226,214,221,276,288,330,300,226,170,121,85,56,37,3473,17,330,,
29,0286,4/6/2020,S,27,19,24,27,29,79,168,263,210,203,234,288,241,247,249,289,248,255,197,146,121,83,66,40,3753,16,289,,
89,0289,4/6/2020,E,1,0,0,3,6,29,93,135,70,60,102,103,72,61,61,60,74,82,56,41,21,15,11,7,1163,08,135,,
89,0289,4/6/2020,W,1,0,5,6,19,46,103,57,63,52,76,73,59,81,83,88,92,88,48,29,25,16,7,10,1127,07,103,,
08,0294,4/6/2020,N,11,11,10,6,16,41,99,168,199,229,238,270,300,283,304,351,379,366,249,190,127,72,38,24,3981,17,379,,
08,0294,4/6/2020,S,8,5,16,26,47,100,162,191,176,177,180,209,231,220,209,197,186,170,111,116,69,53,31,8,2898,13,231,,
15,0295,4/6/2020,N,95,48,61,51,97,263,520,749,757,824,785,916,1085,971,1149,1154,1216,1069,744,616,485,320,232,179,14386,17,1216,,
15,0295,4/6/2020,S,103,61,42,59,91,226,489,818,848,880,909,1024,991,977,1103,1070,1205,1050,791,642,490,363,230,208,14670,17,1205,,
59,0296,4/6/2020,N,7,9,14,25,49,161,477,529,401,361,389,425,426,422,400,445,420,471,292,219,175,90,63,26,6296,08,529,,
59,0296,4/6/2020,S,16,13,5,13,33,45,162,280,305,308,352,405,432,421,454,529,615,674,409,252,143,107,59,27,6059,18,674,,
29,0297,4/6/2020,N,0,5,1,9,11,25,56,74,42,63,68,63,59,61,80,58,85,73,65,32,28,20,7,6,991,17,85,,
29,0297,4/6/2020,S,2,1,1,9,6,11,34,60,36,48,54,67,70,64,58,73,82,88,66,35,33,13,11,5,927,18,88,,
86,0298,4/6/2020,N,82,56,55,87,107,337,926,1167,1074,926,932,1076,1139,1110,1128,1144,1141,1151,888,676,516,354,317,168,16557,08,1167,,
86,0298,4/6/2020,S,101,51,44,57,69,167,440,703,835,812,947,1045,1103,1168,1197,1292,1462,1426,1004,845,676,406,318,279,16447,17,1462,,
77,0299,4/6/2020,E,14,8,11,23,18,106,229,336,281,252,248,244,242,254,308,386,452,454,252,162,95,51,38,15,4479,18,454,,
77,0299,4/6/2020,W,9,4,17,14,45,159,264,317,238,177,176,249,255,278,319,365,363,346,235,157,87,57,49,24,4204,16,365,,
55,0300,4/6/2020,N,10,6,4,15,16,110,347,389,278,187,212,189,226,225,215,245,303,254,263,145,97,48,40,13,3837,08,389,,
55,0300,4/6/2020,S,10,8,10,9,31,147,141,201,186,146,199,215,263,254,250,288,386,524,270,177,106,64,43,25,3953,18,524,,
56,0301,4/6/2020,E,5,7,2,4,5,37,59,67,37,63,47,69,67,57,81,68,81,96,93,58,28,19,15,8,1073,18,96,,
56,0301,4/6/2020,W,9,3,5,6,8,29,89,95,73,91,45,60,69,77,60,57,70,84,79,36,20,15,17,9,1106,08,95,,
15,0302,4/6/2020,E,37,29,38,42,108,309,614,728,604,480,508,507,563,591,593,669,620,625,411,347,270,160,126,91,9070,08,728,,
15,0302,4/6/2020,W,60,30,30,20,66,138,365,556,481,502,475,515,588,603,608,747,806,716,535,417,264,191,159,118,8990,17,806,,
55,0304,4/6/2020,E,147,114,121,153,191,394,848,1680,1580,1262,1225,1219,1282,1362,1241,1283,1412,1662,1118,678,482,374,273,230,20331,08,1680,,
55,0304,4/6/2020,W,123,100,74,99,134,330,804,1272,1178,1038,1073,1220,1316,1360,1409,1592,1758,1787,1139,901,680,494,353,289,20523,18,1787,,
46,0305,4/6/2020,E,77,39,46,63,137,462,1114,1634,1316,1185,1248,1247,1359,1350,1370,1577,1643,1343,870,571,436,331,223,156,19797,17,1643,,
46,0305,4/6/2020,W,68,40,47,84,143,493,1295,1588,1273,1179,1195,1235,1307,1228,1306,1475,1602,1609,969,694,419,279,201,151,19880,18,1609,,
86,0306,4/6/2020,E,9,10,3,7,5,9,62,107,131,139,146,152,163,185,176,190,156,163,146,135,77,57,38,24,2290,16,190,,
86,0306,4/6/2020,W,7,11,2,6,5,9,41,89,105,134,132,154,180,198,166,185,208,161,153,119,92,52,30,35,2274,17,208,,
46,0308,4/6/2020,N,34,13,20,28,52,116,282,442,514,653,770,839,908,840,785,926,977,887,513,345,179,121,79,57,10380,17,977,,
46,0308,4/6/2020,S,39,15,22,29,79,203,583,881,763,767,746,826,895,789,760,701,727,635,433,305,175,116,95,38,10622,13,895,,
16,0310,4/6/2020,N,102,96,181,217,469,1198,1366,1235,1022,1022,1018,1102,1200,1235,1248,1170,1364,1186,913,697,507,304,278,174,19304,07,1366,,
16,0310,4/6/2020,S,148,116,69,115,222,322,643,1001,1082,983,984,1021,1173,1203,1258,1458,1477,1595,1085,706,439,319,312,211,17942,18,1595,,
78,0311,4/6/2020,N,18,11,11,30,100,252,537,989,915,790,830,902,1005,987,866,851,796,734,566,394,267,125,79,64,12119,13,1005,,
78,0311,4/6/2020,S,27,23,19,12,30,71,173,437,605,750,783,916,1043,1038,1022,1064,1260,1125,680,536,333,184,110,80,12321,17,1260,,
54,0312,4/6/2020,N,8,8,5,5,14,55,95,130,109,127,121,101,107,91,101,91,121,121,77,56,32,25,29,12,1641,08,130,,
54,0312,4/6/2020,S,8,3,2,7,18,27,66,92,97,83,99,97,92,88,105,107,135,128,87,54,33,31,20,12,1491,17,135,,
51,0313,4/6/2020,N,2,2,6,5,5,10,21,36,47,55,79,79,72,100,102,121,131,163,84,45,40,18,12,7,1242,18,163,,
51,0313,4/6/2020,S,6,4,2,2,6,11,82,174,129,91,94,76,81,67,79,80,73,55,42,42,32,15,8,6,1257,08,174,,
88,0314,4/6/2020,N,25,17,12,18,51,110,230,518,490,479,494,531,599,682,646,522,505,442,333,244,195,109,89,64,7405,14,682,,
88,0314,4/6/2020,S,28,16,13,18,33,74,155,343,381,409,485,557,585,696,718,622,654,575,339,267,168,125,90,75,7426,15,718,,
46,0315,4/6/2020,N,5,8,9,6,7,23,42,96,125,172,196,227,227,209,194,174,181,158,95,77,40,36,16,8,2331,12,227,,
46,0315,4/6/2020,S,6,5,7,9,11,20,72,149,169,167,171,211,213,190,160,152,158,129,76,57,29,17,16,10,2204,13,213,,
51,0316,4/6/2020,E,2,2,1,1,2,6,25,47,57,45,59,45,50,45,69,57,53,55,36,17,15,9,11,5,714,15,69,,
51,0316,4/6/2020,W,0,2,1,3,3,5,17,66,54,48,37,55,48,60,48,21,34,7,25,20,11,12,9,5,591,08,66,,
36,0317,4/6/2020,N,228,181,182,246,460,823,1539,1897,1635,1625,1732,1793,1772,1633,1695,1537,1562,1510,1206,869,750,351,122,253,25601,08,1897,,
36,0317,4/6/2020,S,316,304,298,334,485,885,1166,1270,1153,1112,1106,1205,1245,1274,1480,1610,1708,1761,1241,899,770,648,546,436,23252,18,1761,,
57,0318,4/6/2020,E,72,53,61,78,193,384,524,576,582,535,420,386,428,388,375,382,397,425,344,226,164,154,98,82,7327,09,582,,
57,0318,4/6/2020,W,55,43,43,62,94,182,332,316,373,401,439,374,406,435,546,618,622,511,376,262,176,130,117,96,7009,17,622,,
16,0319,4/6/2020,N,26,27,14,26,115,278,287,269,237,223,218,239,284,226,248,265,315,334,219,141,106,83,51,36,4267,18,334,,
16,0319,4/6/2020,S,23,29,29,37,90,207,315,282,258,198,209,226,214,232,231,248,278,342,244,145,103,71,49,51,4111,18,342,,
29,0320,4/6/2020,N,137,106,97,115,152,265,343,454,570,662,748,805,921,924,903,946,788,758,679,542,414,368,267,113,12077,16,946,,
29,0320,4/6/2020,S,217,199,177,220,246,302,356,428,465,510,499,538,597,630,652,689,685,689,548,489,465,372,319,223,10515,16,689,,
10,0321,4/6/2020,E,94,57,63,60,112,325,725,962,770,662,767,870,1057,919,994,1066,1050,1050,831,763,594,456,284,162,14693,16,1066,,
10,0321,4/6/2020,W,102,80,39,44,78,207,506,694,684,666,771,913,1078,1043,1085,1225,1284,1237,962,787,561,425,277,182,14930,17,1284,,
70,0322,4/6/2020,N,54,49,60,50,97,218,387,417,458,438,513,516,542,562,523,627,684,600,475,350,274,204,151,138,8387,17,684,,
70,0322,4/6/2020,S,89,68,98,90,146,374,591,481,402,431,415,425,415,429,430,491,506,514,392,299,264,201,146,135,7832,07,591,,
26,0323,4/6/2020,N,65,50,48,25,36,88,264,434,432,423,538,569,637,579,580,659,698,694,522,481,420,241,174,151,8808,17,698,,
26,0323,4/6/2020,S,75,52,39,30,28,70,150,318,327,374,430,519,618,621,634,735,734,753,547,485,458,254,152,133,8536,18,753,,
02,0324,4/6/2020,E,23,30,20,35,72,149,356,503,461,495,470,490,519,533,569,592,563,520,299,190,159,98,75,49,7270,16,592,,
02,0324,4/6/2020,W,30,24,13,16,31,104,290,520,505,467,475,491,575,546,569,571,574,506,286,197,149,85,74,51,7149,13,575,,
48,0325,4/6/2020,E,8,8,13,12,42,123,277,308,282,320,352,344,360,378,332,347,339,293,209,135,77,47,38,28,4672,14,378,,
48,0325,4/6/2020,W,15,9,9,12,41,52,143,209,233,279,304,315,332,349,399,408,399,397,254,143,94,48,40,26,4510,16,408,,
09,0327,4/6/2020,N,21,19,11,42,87,145,138,144,136,154,188,197,198,200,212,177,244,272,149,137,94,64,50,46,3125,18,272,,
09,0327,4/6/2020,S,13,32,30,41,102,182,258,239,175,178,182,212,186,184,212,188,175,161,148,75,79,48,50,28,3178,07,258,,
47,0328,4/6/2020,N,1,0,5,7,16,30,50,52,50,64,58,72,62,86,72,107,116,99,56,37,11,10,10,1,1072,17,116,,
47,0328,4/6/2020,S,4,4,7,9,31,85,112,99,51,73,73,66,59,65,58,63,65,53,39,24,16,15,11,6,1088,07,112,,
78,0329,4/6/2020,N,11,5,3,8,30,57,208,386,493,517,611,642,671,597,650,612,563,518,331,228,189,93,53,37,7513,13,671,,
78,0329,4/6/2020,S,18,14,10,12,20,27,79,267,423,473,563,662,713,629,628,675,718,598,389,271,206,83,62,31,7571,17,718,,
58,0330,4/6/2020,E,1,3,4,14,27,41,46,39,24,37,25,39,37,37,36,34,27,30,24,13,15,5,9,5,572,07,46,,
58,0330,4/6/2020,W,4,3,0,3,5,16,18,34,33,37,34,39,44,27,29,40,43,51,30,22,18,8,4,2,544,18,51,,
86,0331,4/6/2020,N,541,303,296,422,712,1508,2885,4787,4456,3838,3796,4042,4245,4338,4537,5100,5448,4880,3727,2817,2218,1622,1406,937,68861,17,5448,,
86,0331,4/6/2020,S,549,362,321,391,557,1778,3800,4307,4289,3549,3745,3919,3908,4275,4586,5533,5541,5333,3967,2871,2411,1791,1623,1211,70617,17,5541,,
89,0332,4/6/2020,N,44,38,25,25,58,141,420,829,864,911,1019,1090,1118,1169,1321,1615,1835,1693,914,603,428,271,202,191,16824,17,1835,,
89,0332,4/6/2020,S,32,31,24,72,285,651,1546,2000,1652,1199,1138,1004,1070,1029,1141,977,909,872,636,428,320,203,163,57,17439,08,2000,,
13,0333,4/6/2020,E,22,19,33,68,129,415,1093,1370,1132,939,988,1123,1187,1207,1212,1259,1452,1361,827,563,321,213,143,77,17153,17,1452,,
13,0333,4/6/2020,W,55,43,29,54,118,394,889,1152,1042,949,977,1017,1190,1231,1202,1324,1382,1331,907,605,423,219,197,119,16849,17,1382,,
89,0334,4/6/2020,N,130,86,59,104,140,373,903,1210,1156,1029,970,1077,1107,1198,1210,1778,2246,2298,1455,830,625,427,291,311,21013,18,2298,,
89,0334,4/6/2020,S,124,103,128,207,510,1264,2309,2358,1544,1144,1022,945,918,967,1047,1161,1177,1080,774,602,400,292,261,170,20507,08,2358,,
73,0335,4/6/2020,E,7,2,4,6,6,20,55,174,206,218,207,252,266,299,287,269,250,245,159,110,50,36,21,10,3159,14,299,,
73,0335,4/6/2020,W,13,7,9,12,22,61,178,284,381,382,453,501,507,510,568,525,530,439,293,282,138,80,33,23,6231,15,568,,
47,0337,4/6/2020,N,4,5,0,5,16,79,89,79,68,82,97,117,100,107,118,103,124,101,47,30,10,14,11,7,1413,17,124,,
47,0337,4/6/2020,S,9,5,11,13,25,41,69,101,71,79,90,85,94,97,107,100,122,91,68,47,22,17,8,10,1382,17,122,,
77,0343,4/6/2020,E,0,0,0,0,0,0,0,0,0,0,0,0,0,0,0,0,0,0,0,0,0,0,0,0,0,01,0,,
77,0343,4/6/2020,W,237,177,197,338,658,1863,3301,3282,2759,2202,2024,2030,2013,2056,2104,2429,2560,2616,1970,1345,1083,753,598,311,38906,07,3301,,
61,0344,4/6/2020,E,6,0,3,19,22,47,117,132,122,128,133,122,117,122,109,149,125,121,67,37,22,18,6,9,1753,16,149,,
61,0344,4/6/2020,W,7,2,2,3,13,24,47,88,84,104,109,128,126,126,126,161,170,176,77,48,43,32,21,13,1730,18,176,,
70,0345,4/6/2020,N,63,35,27,37,89,235,648,811,682,625,579,660,670,669,691,626,724,671,569,390,322,212,175,83,10293,08,811,,
70,0345,4/6/2020,S,69,40,29,25,41,74,216,358,434,474,594,663,675,717,688,843,949,916,645,488,366,240,171,165,9880,17,949,,
48,0348,4/6/2020,N,17,10,14,22,43,69,129,123,124,145,162,156,165,133,156,156,168,179,104,86,73,41,31,27,2333,18,179,,
48,0348,4/6/2020,S,14,12,8,22,57,129,139,133,106,118,144,132,151,149,160,126,148,122,90,71,48,41,25,22,2167,15,160,,
55,0349,4/6/2020,N,6,15,22,14,28,57,97,211,192,153,146,161,166,180,194,242,303,417,218,152,95,54,34,37,3194,18,417,,
55,0349,4/6/2020,S,22,7,13,20,30,103,287,378,270,215,163,163,193,183,184,182,213,212,154,138,76,58,45,25,3334,08,378,,
01,0350,4/6/2020,N,91,72,100,146,293,622,1104,1241,1106,1065,981,947,966,977,969,1053,1145,1099,670,454,343,241,206,138,16029,08,1241,,
01,0350,4/6/2020,S,107,86,106,163,252,643,1150,1276,1074,966,907,943,1010,991,1050,1109,1187,1076,762,559,356,268,166,144,16351,08,1276,,
03,0351,4/6/2020,N,36,29,33,41,62,149,307,357,339,275,263,306,291,297,315,259,239,247,215,157,102,101,57,61,4538,08,357,,
03,0351,4/6/2020,S,36,26,18,51,82,146,214,205,257,255,247,298,274,284,287,296,258,253,192,158,115,85,69,41,4147,12,298,,
57,0356,4/6/2020,N,10,5,4,6,9,26,36,58,30,67,65,82,94,105,110,123,144,120,87,55,30,25,14,16,1321,17,144,,
57,0356,4/6/2020,S,7,4,2,10,32,71,102,107,76,102,91,73,101,95,92,71,69,75,42,42,18,19,10,8,1319,08,107,,
86,0357,4/6/2020,N,41,37,50,79,171,291,398,372,328,333,369,350,338,323,321,308,309,289,214,120,115,83,74,53,5366,07,398,,
86,0357,4/6/2020,S,38,41,25,23,72,132,235,279,354,339,316,337,211,483,360,351,350,319,290,221,181,140,95,68,5260,14,483,,
18,0358,4/6/2020,N,89,110,100,128,270,543,902,1003,900,974,1055,1060,1049,982,828,844,843,744,571,461,351,298,284,173,14562,12,1060,,
18,0358,4/6/2020,S,189,125,142,161,253,461,568,669,711,631,633,702,656,678,759,779,925,810,711,540,389,288,244,223,12247,17,925,,
46,0359,4/6/2020,N,10,10,7,13,26,75,97,143,190,169,224,218,233,246,263,313,409,391,232,155,77,68,40,27,3636,17,409,,
46,0359,4/6/2020,S,17,13,19,39,84,262,436,382,242,243,199,241,215,205,199,176,190,182,158,100,43,55,35,26,3761,07,436,,
78,0360,4/6/2020,N,20,9,8,23,37,161,441,615,638,556,574,578,695,649,650,673,662,607,463,358,197,85,48,36,8783,13,695,,
78,0360,4/6/2020,S,22,14,6,7,13,41,160,361,355,432,495,623,695,669,701,771,874,895,653,436,286,132,73,50,8764,18,895,,
86,0362,4/6/2020,S,186,112,142,267,571,1625,3477,4153,3784,3154,2948,2692,2824,2931,3099,3618,3397,3415,2403,1725,1201,891,538,394,49547,08,4153,,
52,0364,4/6/2020,E,5,3,3,4,11,55,68,86,65,61,42,48,64,50,49,54,65,51,41,23,16,6,5,8,883,08,86,,
52,0364,4/6/2020,W,7,2,3,1,7,24,49,52,42,62,52,48,74,60,49,75,64,104,46,39,21,15,9,6,911,18,104,,
47,0365,4/6/2020,N,1,1,1,5,14,33,39,49,47,37,37,43,33,31,45,49,66,40,19,26,11,14,4,3,648,17,66,,
47,0365,4/6/2020,S,4,2,3,3,24,18,51,50,41,25,41,39,47,34,35,42,58,46,24,26,17,7,8,6,651,17,58,,
60,0366,4/6/2020,E,61,58,69,71,151,267,377,444,407,436,404,303,357,331,356,328,299,292,246,181,129,140,93,63,5863,08,444,,
60,0366,4/6/2020,W,65,29,42,42,89,164,232,248,302,302,312,302,327,365,400,474,486,442,328,216,160,158,120,103,5708,17,486,,
01,0367,4/6/2020,N,18,18,27,65,92,221,330,511,414,327,384,387,358,424,397,462,478,429,229,174,85,60,45,37,5972,08,511,,
01,0367,4/6/2020,S,36,20,25,34,91,136,338,445,360,312,324,333,388,410,451,448,473,413,295,190,117,71,50,45,5805,17,473,,
48,0368,4/6/2020,N,102,71,65,78,166,485,1081,1363,1156,1049,1082,1257,1334,1383,1488,1950,2330,2187,1150,756,503,365,294,237,21932,17,2330,,
48,0368,4/6/2020,S,88,82,50,85,229,845,2002,2605,1684,1287,1175,1215,1258,1268,1304,1376,1445,1305,878,623,446,295,245,168,21958,08,2605,,
49,0369,4/6/2020,N,6,0,1,1,6,6,40,41,38,53,44,53,61,65,61,58,60,57,22,11,9,10,2,1,706,14,65,,
49,0369,4/6/2020,S,3,6,1,4,3,8,13,48,54,37,56,55,68,48,58,49,69,43,28,13,13,7,4,4,692,17,69,,
70,0370,4/6/2020,E,49,34,44,68,150,666,1416,1312,1066,854,813,753,852,838,804,880,936,951,613,417,298,217,137,97,14265,07,1416,,
70,0370,4/6/2020,W,47,35,26,53,98,269,603,820,685,675,694,811,856,930,1055,1532,1359,1243,756,393,336,203,152,105,13736,16,1532,,
10,0372,4/6/2020,E,101,76,74,103,211,581,1441,1562,1304,1215,1103,1178,1333,1223,1301,1425,1389,1121,914,682,537,418,270,230,19792,08,1562,,
10,0372,4/6/2020,W,82,86,53,79,103,302,776,867,836,848,940,1039,1153,1127,1245,1404,1349,1402,989,698,536,406,276,190,16786,16,1404,,
10,0373,4/6/2020,N,39,44,63,90,251,655,1090,1123,897,728,619,703,754,752,817,919,799,693,525,382,257,177,142,109,12628,08,1123,,
10,0373,4/6/2020,S,58,68,70,124,239,496,805,689,616,638,630,670,784,833,934,1181,1316,1267,766,513,399,286,148,153,13683,17,1316,,
89,0374,4/6/2020,N,14,7,2,8,12,39,119,271,353,354,379,402,431,488,472,589,687,665,354,174,102,66,43,36,6067,17,687,,
89,0374,4/6/2020,S,14,5,3,19,40,119,387,828,697,486,373,419,414,383,361,387,375,333,247,130,70,66,21,14,6191,08,828,,
54,0375,4/6/2020,E,116,79,95,97,115,148,186,219,282,325,358,400,406,433,392,390,361,369,353,276,219,160,115,105,5999,14,433,,
54,0375,4/6/2020,W,80,74,66,61,78,156,242,304,293,309,321,388,382,438,425,433,467,400,323,321,261,203,162,135,6322,17,467,,
55,0376,4/6/2020,E,20,14,6,21,26,132,423,885,620,436,419,397,383,418,362,414,438,418,313,189,133,98,47,36,6648,08,885,,
55,0376,4/6/2020,W,20,14,12,12,24,97,204,314,301,302,370,415,458,461,467,571,765,904,436,258,162,101,75,38,6781,18,904,,
86,0380,4/6/2020,E,155,118,114,175,320,942,2516,3343,3048,2337,2108,2070,2053,2288,2266,2422,2397,2338,1845,1198,883,646,528,299,36409,08,3343,,
86,0380,4/6/2020,W,226,131,87,153,268,691,1784,2544,2761,2224,2231,2188,2467,2565,2732,3293,3742,3786,2479,1594,1131,823,568,445,40913,18,3786,,
86,0381,4/6/2020,E,2,0,0,4,14,83,352,653,462,211,133,114,70,25,1,4,0,0,0,0,0,0,0,0,2128,08,653,,
86,0381,4/6/2020,W,0,0,0,0,0,0,0,0,1,0,0,0,0,60,159,261,384,402,171,83,41,28,17,19,1626,18,402,,
87,0382,4/6/2020,E,0,0,0,0,41,275,535,346,201,204,215,186,246,194,144,124,92,42,54,1,1,0,0,0,2901,07,535,,
87,0382,4/6/2020,W,0,0,0,1,6,24,59,92,191,162,201,230,222,271,340,450,273,295,130,6,0,0,0,0,2953,16,450,,
87,0383,4/6/2020,E,16,11,15,13,48,197,357,308,264,273,282,282,291,289,342,347,420,414,323,212,152,89,85,33,5063,17,420,,
87,0383,4/6/2020,W,19,14,14,37,80,247,358,333,270,261,243,282,301,367,370,397,383,362,273,181,113,93,56,24,5078,16,397,,
86,0384,4/6/2020,E,62,57,48,55,128,237,577,1008,990,848,826,838,976,993,1014,976,1004,1098,902,677,497,384,353,214,14762,18,1098,,
86,0384,4/6/2020,W,100,55,33,37,71,219,396,580,757,787,822,976,1015,1026,964,1185,1259,1084,824,615,564,351,252,199,14171,17,1259,,
57,0385,4/6/2020,E,34,22,21,52,97,334,990,1065,954,724,637,657,685,619,598,667,672,596,426,293,169,146,113,73,10644,08,1065,,
57,0385,4/6/2020,W,41,28,23,24,52,154,335,601,572,499,581,670,734,715,779,945,1067,1076,698,390,277,177,144,111,10693,18,1076,,
57,0386,4/6/2020,E,28,24,19,45,89,288,932,1020,878,716,645,697,712,650,607,651,672,558,422,305,172,150,109,60,10449,08,1020,,
58,0398,4/6/2020,N,17,15,10,27,117,340,484,451,386,385,351,370,400,448,355,412,464,459,283,240,131,121,76,48,6390,07,484,,
58,0398,4/6/2020,S,24,18,10,30,60,215,366,428,345,352,437,381,408,433,524,638,488,388,347,196,149,117,142,101,6597,16,638,,
97,0403,4/6/2020,N,244,145,186,295,438,1286,3493,3506,2545,2000,1930,1948,2088,2200,2338,2600,2754,2475,1695,1206,953,740,563,449,38077,08,3506,,
97,0403,4/6/2020,S,199,142,146,199,343,1038,2237,2491,2314,1945,1953,1895,1990,2152,2263,2586,2508,2481,1784,1136,879,701,502,339,34223,16,2586,,
97,0406,4/6/2020,N,9,6,9,12,31,70,214,340,297,255,236,242,222,218,235,263,282,246,164,83,66,34,31,24,3589,08,340,,
97,0406,4/6/2020,S,7,7,10,20,49,203,272,237,224,212,201,207,226,225,244,261,279,303,173,107,62,27,21,22,3599,18,303,,
97,0407,4/6/2020,E,0,0,0,0,0,0,0,0,0,0,0,0,0,0,0,0,0,0,0,0,0,0,0,0,0,01,0,,
97,0407,4/6/2020,W,46,47,46,104,213,572,1018,1072,818,628,577,614,658,607,675,720,716,792,488,316,230,159,116,79,11311,08,1072,,
97,0416,4/6/2020,N,73,61,54,109,194,350,772,1143,1143,867,836,818,812,878,855,928,1082,1033,658,433,267,239,242,170,14017,08,1143,,
97,0416,4/6/2020,S,88,84,76,97,147,414,817,964,843,699,629,663,733,739,785,903,899,816,565,370,236,221,156,156,12100,08,964,,
97,0417,4/6/2020,N,71,57,53,107,178,288,586,810,772,661,678,695,693,734,713,818,943,927,572,369,238,219,221,180,11583,17,943,,
97,0417,4/6/2020,S,94,83,88,113,160,469,883,962,805,642,546,544,617,605,587,685,650,614,464,346,232,226,147,157,10719,08,962,,
97,0430,4/6/2020,N,95,59,58,109,249,921,1152,1200,1187,1006,1047,976,1044,1076,1098,1142,1244,1203,838,712,457,383,243,157,17656,17,1244,,
97,0430,4/6/2020,S,119,59,61,95,193,357,914,1173,1116,874,879,929,1004,1032,1159,1340,1474,1419,1098,748,537,429,313,221,17543,17,1474,,
10,0446,4/6/2020,N,75,52,45,118,199,602,1068,1175,1126,1083,1163,1215,1307,1306,1272,1249,1265,1219,1021,742,605,359,214,139,18619,13,1307,,
10,0446,4/6/2020,S,91,58,33,46,57,180,475,684,826,889,996,1174,1395,1398,1337,1507,1751,1738,1272,1019,796,512,362,194,18790,17,1751,,
10,0447,4/6/2020,E,97,85,66,95,172,379,650,664,701,665,652,765,879,878,964,1064,1038,953,705,598,533,357,237,171,13368,16,1064,,
10,0447,4/6/2020,W,103,65,61,85,152,451,887,921,829,716,752,829,819,787,847,945,854,847,685,475,388,340,222,158,13218,16,945,,
10,0449,4/6/2020,N,81,54,73,107,215,620,1171,1178,971,748,742,784,948,899,903,896,837,853,648,495,437,365,204,114,14343,08,1178,,
10,0449,4/6/2020,S,81,81,55,72,112,258,561,778,830,751,840,906,1045,1089,1140,1367,1588,1589,1006,756,515,375,258,194,16247,18,1589,,
10,0450,4/6/2020,E,63,37,39,60,92,195,438,608,697,837,1033,1212,1427,1357,1396,1614,1675,1753,1349,945,654,348,220,159,18208,18,1753,,
10,0450,4/6/2020,W,71,55,51,100,249,643,1324,1371,1268,1059,1118,1295,1317,1275,1252,1147,1137,1135,988,714,531,327,178,112,18717,08,1371,,
10,0451,4/6/2020,E,54,33,42,70,148,353,798,846,811,787,764,836,886,912,964,1168,1055,1080,786,595,421,285,163,129,13986,16,1168,,
10,0451,4/6/2020,W,70,38,41,42,111,270,670,857,761,700,743,828,922,893,961,1090,1154,1113,810,546,384,272,190,104,13570,17,1154,,
10,0452,4/6/2020,N,37,15,24,27,38,123,233,464,482,529,614,654,811,782,893,913,1058,924,680,536,366,218,99,87,10607,17,1058,,
10,0452,4/6/2020,S,26,22,32,38,95,321,616,745,793,698,691,735,803,820,765,789,689,713,560,415,319,154,106,59,11004,14,820,,
97,0453,4/6/2020,N,76,56,62,56,103,258,727,1116,1078,974,1027,1206,1354,1358,1565,2142,2425,2240,1356,874,634,393,267,194,21541,17,2425,,
97,0453,4/6/2020,S,54,48,51,99,277,966,2347,2260,1960,1538,1246,1226,1189,1226,1156,1260,1089,1145,849,594,446,332,178,99,21635,07,2347,,
35,9902,4/6/2020,E,105,86,77,102,110,131,203,197,236,292,316,364,393,371,428,345,360,336,318,290,224,166,117,97,5664,15,428,,
35,9902,4/6/2020,W,76,70,52,67,63,153,218,251,257,283,314,356,365,429,403,411,427,359,323,320,231,193,174,96,5891,14,429,,
26,9904,4/6/2020,N,163,131,164,153,250,403,754,1033,1006,1079,1117,1197,1160,1162,1173,1077,977,962,886,647,527,419,156,394,16990,12,1197,,
26,9904,4/6/2020,S,244,230,221,252,361,444,583,686,723,675,760,791,836,908,958,1075,1016,1078,808,636,554,487,376,306,15008,18,1078,,
72,9905,4/6/2020,N,154,122,115,150,310,843,2004,2326,2237,1722,1656,1716,1742,1796,1751,1943,1790,1781,1415,1004,751,530,427,300,28585,08,2326,,
72,9905,4/6/2020,S,190,141,127,201,300,559,1369,1770,1509,1320,1394,1400,1566,1598,1708,2000,2150,2256,1503,1040,719,512,399,328,26059,18,2256,,
79,9906,4/6/2020,E,176,148,129,184,332,753,1839,2049,1834,1681,1615,1600,1813,1775,2062,2504,2865,2939,1873,1240,830,641,447,356,31685,18,2939,,
79,9906,4/6/2020,W,172,146,173,325,611,1658,2776,2768,2014,1644,1465,1486,1524,1659,1617,1839,1925,1998,1492,1058,867,531,441,281,30470,07,2776,,
46,9907,4/6/2020,N,17,15,7,22,47,92,127,182,213,207,300,259,301,277,350,453,553,498,255,147,113,79,49,39,4602,17,553,,
46,9907,4/6/2020,S,23,16,30,51,99,315,521,549,369,320,284,292,274,266,247,222,212,203,176,98,62,65,40,38,4772,08,549,,
34,9909,4/6/2020,N,13,11,6,10,38,64,118,168,189,255,308,319,339,350,388,380,381,378,263,166,120,77,53,34,4428,15,388,,
34,9909,4/6/2020,S,12,9,13,30,47,85,189,281,296,291,308,336,338,332,333,279,299,274,187,138,98,65,30,28,4298,13,338,,
72,9914,4/6/2020,N,204,168,272,282,534,1180,1993,2113,1796,1534,1620,1541,1563,1688,1638,1953,2009,2134,1460,1077,831,719,698,402,29409,18,2134,,
72,9914,4/6/2020,S,258,223,231,278,452,931,1487,1571,1503,1351,1365,1443,1511,1598,1736,2274,2439,2256,1670,1206,928,824,712,554,28801,17,2439,,
48,9916,4/6/2020,N,48,32,35,35,91,233,331,449,418,515,583,583,623,639,699,859,967,1040,544,389,242,143,118,79,9695,18,1040,,
48,9916,4/6/2020,S,38,49,20,52,126,442,860,961,777,599,618,593,678,657,595,604,656,586,400,254,158,116,75,53,9967,08,961,,
07,9918,4/6/2020,N,61,37,55,87,161,253,390,375,361,318,364,359,375,391,387,420,491,505,351,231,172,129,79,65,6417,18,505,,
07,9918,4/6/2020,S,41,25,34,62,106,355,468,401,412,364,388,433,420,420,381,431,414,430,281,198,123,101,65,62,6415,07,468,,
70,9919,4/6/2020,N,132,98,119,167,300,830,1392,1563,1387,1218,1272,1338,1397,1464,1534,1831,2010,1950,1173,771,596,418,317,271,23548,17,2010,,
70,9919,4/6/2020,S,145,121,124,181,260,629,1674,2039,1620,1371,1200,1245,1186,1289,1341,1652,1683,1623,1036,752,506,393,279,246,22595,08,2039,,
18,9920,4/6/2020,N,113,112,107,129,257,515,854,949,950,958,1041,1054,1014,951,840,852,893,733,576,454,354,304,291,196,14497,12,1054,,
18,9920,4/6/2020,S,189,127,164,189,276,482,607,650,689,585,608,672,633,654,726,799,843,834,695,493,385,290,261,239,12090,17,843,,
74,9923,4/6/2020,N,144,126,122,128,254,570,725,786,751,846,888,1023,996,1002,1014,1117,1055,1061,776,591,524,401,318,287,15505,16,1117,,
74,9923,4/6/2020,S,157,131,116,156,243,489,774,732,638,625,694,731,738,767,813,1009,970,890,708,500,413,324,265,200,13083,16,1009,,
79,9925,4/6/2020,E,18,6,16,27,69,210,509,603,357,295,268,285,285,261,297,325,320,348,171,127,107,61,60,57,5082,08,603,,
79,9925,4/6/2020,W,16,15,9,9,40,80,238,318,251,250,261,259,247,331,341,437,578,538,351,178,124,69,61,59,5060,17,578,,
16,9927,4/6/2020,E,71,49,75,86,143,250,428,641,460,367,336,360,382,394,425,541,530,452,398,237,195,167,83,86,7156,08,641,,
16,9927,4/6/2020,W,41,37,60,65,135,331,495,372,329,324,308,301,347,427,362,435,512,528,298,246,163,126,100,72,6414,18,528,,
79,9929,4/6/2020,N,6,8,8,13,35,81,154,320,280,308,339,384,424,377,389,416,415,336,238,154,120,52,42,21,4920,13,424,,
79,9929,4/6/2020,S,13,5,8,7,40,90,232,154,199,261,358,353,393,413,393,394,445,366,293,195,122,84,49,31,4898,17,445,,
97,9931,4/6/2020,N,85,85,54,103,143,302,605,573,593,580,518,561,590,579,565,577,621,555,431,345,264,228,227,146,9330,17,621,,
97,9931,4/6/2020,S,134,143,131,148,214,393,512,493,420,441,450,443,445,513,501,556,615,618,485,349,277,249,183,162,8875,18,618,,
97,9933,4/6/2020,N,119,74,42,65,131,361,1175,1679,1603,1242,1063,1023,1148,1266,1401,1817,1938,2170,1434,818,596,423,334,230,22152,18,2170,,
97,9933,4/6/2020,S,82,60,73,107,237,718,1611,2237,2220,1522,1273,1213,1228,1306,1393,1624,1765,1711,1122,787,503,367,266,164,23589,08,2237,,
29,9936,4/6/2020,E,88,91,68,87,139,219,252,277,285,284,300,289,344,359,380,378,374,367,311,243,219,194,156,113,5817,15,380,,
29,9936,4/6/2020,W,67,50,86,84,124,188,229,312,300,326,382,376,439,392,363,396,382,342,332,277,197,181,131,130,6086,13,439,,
50,9940,4/6/2020,N,15,14,13,12,10,39,123,239,194,161,180,178,204,193,165,206,238,281,184,154,127,45,37,27,3039,18,281,,
50,9940,4/6/2020,S,13,20,15,20,17,56,186,224,151,161,171,208,240,214,187,237,263,320,218,158,123,56,53,32,3343,18,320,,
53,9943,4/6/2020,E,8,7,4,4,15,66,109,83,93,81,123,149,134,138,143,172,204,196,111,72,49,43,28,21,2053,17,204,,
53,9943,4/6/2020,W,7,2,8,6,33,59,115,183,120,111,152,140,134,119,164,144,154,122,70,77,45,31,26,11,2033,08,183,,
87,9947,4/6/2020,N,52,65,89,204,324,618,925,868,810,769,879,870,868,913,846,923,947,790,529,369,242,182,128,91,13301,17,947,,
87,9947,4/6/2020,S,31,36,63,90,181,362,790,868,880,880,897,953,961,910,919,1010,883,805,578,391,307,214,123,118,13250,16,1010,,
16,9948,4/6/2020,N,50,60,53,96,184,474,565,672,531,555,548,536,604,581,554,605,630,747,485,295,242,149,120,88,9424,18,747,,
16,9948,4/6/2020,S,67,64,49,86,136,309,492,533,519,499,503,486,510,519,592,628,749,745,559,346,260,187,131,80,9049,17,749,,
48,9949,4/6/2020,E,134,100,75,132,257,653,1283,1686,1261,1014,943,931,951,989,1021,1072,1072,989,709,492,366,296,218,161,16805,08,1686,,
48,9949,4/6/2020,W,103,63,69,83,162,409,824,876,816,819,913,961,980,938,1089,1235,1529,1537,855,604,403,272,232,195,15967,18,1537,,
03,9950,4/6/2020,N,98,68,64,102,274,646,1591,1888,1827,1511,1451,1661,1668,1866,2064,2700,2810,2482,1469,853,605,376,253,193,28520,17,2810,,
03,9950,4/6/2020,S,99,61,81,148,310,860,2852,3316,2662,1975,1678,1587,1542,1544,1524,1716,1794,1782,1216,713,538,315,236,149,28698,08,3316,,
16,9951,4/6/2020,E,173,129,181,255,500,1287,1832,1586,1375,1299,1305,1286,1348,1370,1395,1601,1659,1769,1198,868,603,504,371,287,24181,07,1832,,
16,9951,4/6/2020,W,155,150,198,216,444,1249,1781,1862,1602,1277,1260,1329,1388,1387,1436,1572,1599,1484,1203,726,599,425,310,259,23911,08,1862,,
93,9952,4/6/2020,N,111,80,122,177,418,1073,1906,2177,1914,1651,1770,1897,1968,720,2160,2659,3237,3246,1825,1188,773,583,598,269,32522,18,3246,,
93,9952,4/6/2020,S,184,118,154,241,450,1190,2635,3585,2944,2027,1828,1760,1656,1725,1873,2075,2189,1976,1329,961,726,469,365,272,32732,08,3585,,
10,9953,4/6/2020,N,255,209,196,327,758,2148,3932,3747,3215,2715,2572,2615,2587,2674,2782,3287,3108,3014,2463,1444,1072,784,616,497,47017,07,3932,,
10,9953,4/6/2020,S,282,223,210,276,492,1604,3144,2996,2656,2198,2151,2243,2413,2356,2574,3113,3681,3655,2486,1644,1227,881,602,451,43558,17,3681,,
10,9955,4/6/2020,N,105,87,58,99,177,335,806,919,821,820,814,811,916,947,1108,1485,1708,1707,1075,760,516,371,279,193,16917,17,1708,,
10,9955,4/6/2020,S,92,71,76,137,244,894,1605,1605,1414,1049,876,866,854,869,844,912,859,981,797,535,388,293,204,155,16620,07,1605,,
32,9956,4/6/2020,N,128,112,117,107,144,180,285,349,451,513,636,705,762,801,770,717,745,660,588,521,368,342,291,189,10481,14,801,,
32,9956,4/6/2020,S,203,150,174,187,222,273,338,401,406,387,439,419,485,550,560,630,585,604,455,451,393,358,255,229,9154,16,630,,
53,9957,4/6/2020,N,1,5,3,1,13,42,69,70,78,65,66,103,80,100,98,123,134,128,72,36,37,18,13,5,1360,17,134,,
53,9957,4/6/2020,S,4,4,6,9,16,45,105,123,80,86,82,96,87,79,77,104,100,96,47,45,22,14,5,14,1346,08,123,,
60,9958,4/6/2020,E,60,52,58,57,94,163,187,246,269,306,353,288,326,326,344,308,341,303,252,184,130,143,97,54,4941,11,353,,
60,9958,4/6/2020,W,56,28,50,46,104,190,267,269,274,282,285,251,268,311,306,341,324,329,272,191,131,138,116,90,4919,16,341,,
60,9959,4/6/2020,N,6,3,4,0,6,20,41,58,78,92,116,131,107,97,108,101,121,117,83,66,34,21,11,13,1434,12,131,,
60,9959,4/6/2020,S,6,2,8,12,20,57,68,62,78,91,99,102,95,97,98,101,103,103,81,48,32,32,9,6,1410,17,103,,
97,9961,4/6/2020,N,71,75,66,95,188,496,941,918,661,542,537,531,615,598,621,641,533,543,442,374,264,240,200,149,10341,07,941,,
97,9961,4/6/2020,S,109,93,122,157,178,294,415,501,470,463,456,506,532,561,652,815,978,968,594,419,300,234,197,139,10153,17,978,,
10,9962,4/6/2020,E,253,203,250,346,651,1547,2580,2677,2227,2024,2052,2036,2233,2342,2468,3166,3228,3116,2112,1326,1058,774,536,423,39628,17,3228,,
10,9962,4/6/2020,W,239,240,264,305,707,2231,3759,3121,2553,2181,2040,2046,2135,2137,2230,2426,2350,2522,1858,1267,981,690,533,398,39213,07,3759,,
28,9963,4/6/2020,N,67,49,63,62,85,212,316,395,415,488,484,536,583,578,529,624,664,608,427,314,243,210,123,98,8173,17,664,,
28,9963,4/6/2020,S,78,48,71,68,137,270,577,599,465,445,420,400,405,409,391,405,426,402,422,272,223,168,120,114,7335,08,599,,
93,9964,4/6/2020,N,15,7,13,17,42,139,220,191,183,169,198,218,252,251,236,256,277,318,217,176,123,74,49,44,3685,18,318,,
93,9964,4/6/2020,S,27,5,7,25,42,151,264,242,220,270,253,238,306,275,285,340,291,338,239,167,126,84,58,34,4287,16,340,,
93,9965,4/6/2020,N,22,20,60,80,93,122,162,232,197,226,196,200,201,232,236,243,258,256,135,125,91,61,66,49,3563,17,258,,
93,9965,4/6/2020,S,13,18,26,43,71,183,409,218,223,247,216,219,259,236,210,198,176,166,127,88,70,48,68,38,3570,07,409,,
